Workbook

Sheet Data_Input
A1: Route_ID | B1: Route_Description | C1: Origin | D1: Destination | E1: Route_Type | F1: Transit Days
A2: R1 | B2: Shanghai - Pointe-Noire | C2: Shanghai | D2: Pointe-Noire | E2: Hub | F2: 38
A3: R2 | B3: Shanghai - Pointe-Noire | C3: Shanghai | D3: Pointe-Noire | E3: Direct | F3: 34
A4: R3 | B4: Shanghai - Mombasa | C4: Shanghai | D4: Mombasa | E4: Direct | F4: 30
A5: R4 | B5: Shanghai - Mombasa | C5: Shanghai | D5: Mombasa | E5: Hub | F5: 35
A6: R5 | B6: Shanghai - Lagos | C6: Shanghai | D6: Lagos | E6: Hub | F6: 37
A9: Carrier_ID | B9: Carrier_Name | C9: Service_Level
A10: C1 | B10: MAERSK | C10: Premium
A11: C2 | B11: MSC | C11: Standard
A12: C3 | B12: CMA CGM | C12: Standard
A15: Combination_ID | B15: Route_ID | C15: Carrier_ID | D15: Inland_Transport | E15: Origin_Handling | F15: Ocean_Freight | G15: Surcharges | H15: Destination_Handling | I15: Last_Mile
A16: RC1 | B16: R1 | C16: C1 | D16: 150 | E16: 120 | F16: 4030 | G16: 1008 | H16: 200 | I16: 180
A17: RC2 | B17: R1 | C17: C2 | D17: 150 | E17: 120 | F17: 3600 | G17: 900 | H17: 200 | I17: 180
A18: RC3 | B18: R1 | C18: C3 | D18: 150 | E18: 120 | F18: 3490 | G18: 873 | H18: 200 | I18: 180
A19: RC4 | B19: R2 | C19: C1 | D19: 150 | E19: 120 | F19: 4370 | G19: 1093 | H19: 200 | I19: 180
A20: RC5 | B20: R2 | C20: C2 | D20: 150 | E20: 120 | F20: 3900 | G20: 975 | H20: 200 | I20: 180
A21: RC6 | B21: R2 | C21: C3 | D21: 150 | E21: 120 | F21: 3780 | G21: 945 | H21: 200 | I21: 180
A22: RC7 | B22: R3 | C22: C1 | D22: 150 | E22: 120 | F22: 3580 | G22: 895 | H22: 175 | I22: 160
A23: RC8 | B23: R3 | C23: C2 | D23: 150 | E23: 120 | F23: 3200 | G23: 800 | H23: 175 | I23: 160
A24: RC9 | B24: R3 | C24: C3 | D24: 150 | E24: 120 | F24: 3100 | G24: 775 | H24: 175 | I24: 160
A25: RC10 | B25: R4 | C25: C1 | D25: 150 | E25: 120 | F25: 3250 | G25: 813 | H25: 175 | I25: 160
A26: RC11 | B26: R4 | C26: C2 | D26: 150 | E26: 120 | F26: 2900 | G26: 725 | H26: 175 | I26: 160
A27: RC12 | B27: R4 | C27: C3 | D27: 150 | E27: 120 | F27: 2810 | G27: 703 | H27: 175 | I27: 160
... A30: RC15 | B30: R5 | C30: C3 | D30: 150 | E30: 120 | F30: 3300 | G30: 825 | H30: 190 | I30: 170

Sheet Solver_v1
A1: SOLVER V1 — UNCONSTRAINED OPTIMIZATION
A3: Objective Cell (Minimize) | B3: Cost_Calculator_v1!B20
A4: Variable Cells | B4: Cost_Calculator_v1!H2:H16
A5: Solving Method | B5: Simplex PL
A8: CONSTRAINTS
A9: Total containers | B9: Cost_Calculator_v1!B19 = 300
A10: All allocations ≥ 0 | B10: Cost_Calculator_v1!H2:H16 ≥ 0
A11: No destination minimums | B11: None applied
A12: No carrier maximums | B12: None applied
A14: RESULTS
A15: Total Containers Shipped | B15: 300
A16: Total Optimized Cost | B16: 1235400
A17: Avg Transit Time | B17: 35 days
A19: ALLOCATION
A20: RC12 — CMA CGM → Mombasa (Hub) | B20: 300 containers
A21: All other combinations | B21: 0 containers
A24: BUSINESS PROBLEM WITH THIS SOLUTION
A25: Pointe-Noire containers | B25: 0 — market not served ❌
A26: Lagos containers | B26: 0 — market not served ❌
A27: Carrier dependency | B27: 100% CMA CGM — zero resilience ❌
A28: Mathematical result | B28: Optimal ✅
A29: Business result | B29: Unacceptable ❌
A32: CONCLUSION
A33: Pure cost optimization ignores real operational constraints
A34: Solution requires destination minimums and carrier caps → See V2

Sheet Cost_Calculator_v1
A1: Combination ID | B1: Route ID | C1: Carrier ID | D1: Route Description | E1: Carrier Name | F1: Transit Days | G1: Cost Per TEU | H1: Containers Allocated | I1: Total Cost
A2: =Data_Input!A16 -> RC1 | B2: =Data_Input!B16 -> R1 | C2: =Data_Input!C16 -> C1 | D2: =VLOOKUP(B2,Data_Input!$A$2:$F$6,2,FALSE) -> Shanghai - Pointe-Noire | E2: =VLOOKUP(C2,Data_Input!$A$10:$C$12,2,FALSE) -> MAERSK | F2: =VLOOKUP(B2,Data_Input!$A$2:$F$6,6,FALSE) -> 38 | G2: =SUM(Data_Input!D16:I16) -> 5688 | H2: 0 | I2: =G2*H2 -> 0
A3: =Data_Input!A17 -> RC2 | B3: =Data_Input!B17 -> R1 | C3: =Data_Input!C17 -> C2 | D3: =VLOOKUP(B3,Data_Input!$A$2:$F$6,2,FALSE) -> Shanghai - Pointe-Noire | E3: =VLOOKUP(C3,Data_Input!$A$10:$C$12,2,FALSE) -> MSC | F3: =VLOOKUP(B3,Data_Input!$A$2:$F$6,6,FALSE) -> 38 | G3: =SUM(Data_Input!D17:I17) -> 5150 | H3: 0 | I3: =G3*H3 -> 0
A4: =Data_Input!A18 -> RC3 | B4: =Data_Input!B18 -> R1 | C4: =Data_Input!C18 -> C3 | D4: =VLOOKUP(B4,Data_Input!$A$2:$F$6,2,FALSE) -> Shanghai - Pointe-Noire | E4: =VLOOKUP(C4,Data_Input!$A$10:$C$12,2,FALSE) -> CMA CGM | F4: =VLOOKUP(B4,Data_Input!$A$2:$F$6,6,FALSE) -> 38 | G4: =SUM(Data_Input!D18:I18) -> 5013 | H4: 0 | I4: =G4*H4 -> 0
A5: =Data_Input!A19 -> RC4 | B5: =Data_Input!B19 -> R2 | C5: =Data_Input!C19 -> C1 | D5: =VLOOKUP(B5,Data_Input!$A$2:$F$6,2,FALSE) -> Shanghai - Pointe-Noire | E5: =VLOOKUP(C5,Data_Input!$A$10:$C$12,2,FALSE) -> MAERSK | F5: =VLOOKUP(B5,Data_Input!$A$2:$F$6,6,FALSE) -> 34 | G5: =SUM(Data_Input!D19:I19) -> 6113 | H5: 0 | I5: =G5*H5 -> 0
A6: =Data_Input!A20 -> RC5 | B6: =Data_Input!B20 -> R2 | C6: =Data_Input!C20 -> C2 | D6: =VLOOKUP(B6,Data_Input!$A$2:$F$6,2,FALSE) -> Shanghai - Pointe-Noire | E6: =VLOOKUP(C6,Data_Input!$A$10:$C$12,2,FALSE) -> MSC | F6: =VLOOKUP(B6,Data_Input!$A$2:$F$6,6,FALSE) -> 34 | G6: =SUM(Data_Input!D20:I20) -> 5525 | H6: 0 | I6: =G6*H6 -> 0
A7: =Data_Input!A21 -> RC6 | B7: =Data_Input!B21 -> R2 | C7: =Data_Input!C21 -> C3 | D7: =VLOOKUP(B7,Data_Input!$A$2:$F$6,2,FALSE) -> Shanghai - Pointe-Noire | E7: =VLOOKUP(C7,Data_Input!$A$10:$C$12,2,FALSE) -> CMA CGM | F7: =VLOOKUP(B7,Data_Input!$A$2:$F$6,6,FALSE) -> 34 | G7: =SUM(Data_Input!D21:I21) -> 5375 | H7: 0 | I7: =G7*H7 -> 0
A8: =Data_Input!A22 -> RC7 | B8: =Data_Input!B22 -> R3 | C8: =Data_Input!C22 -> C1 | D8: =VLOOKUP(B8,Data_Input!$A$2:$F$6,2,FALSE) -> Shanghai - Mombasa | E8: =VLOOKUP(C8,Data_Input!$A$10:$C$12,2,FALSE) -> MAERSK | F8: =VLOOKUP(B8,Data_Input!$A$2:$F$6,6,FALSE) -> 30 | G8: =SUM(Data_Input!D22:I22) -> 5080 | H8: 0 | I8: =G8*H8 -> 0
A9: =Data_Input!A23 -> RC8 | B9: =Data_Input!B23 -> R3 | C9: =Data_Input!C23 -> C2 | D9: =VLOOKUP(B9,Data_Input!$A$2:$F$6,2,FALSE) -> Shanghai - Mombasa | E9: =VLOOKUP(C9,Data_Input!$A$10:$C$12,2,FALSE) -> MSC | F9: =VLOOKUP(B9,Data_Input!$A$2:$F$6,6,FALSE) -> 30 | G9: =SUM(Data_Input!D23:I23) -> 4605 | H9: 0 | I9: =G9*H9 -> 0
A10: =Data_Input!A24 -> RC9 | B10: =Data_Input!B24 -> R3 | C10: =Data_Input!C24 -> C3 | D10: =VLOOKUP(B10,Data_Input!$A$2:$F$6,2,FALSE) -> Shanghai - Mombasa | E10: =VLOOKUP(C10,Data_Input!$A$10:$C$12,2,FALSE) -> CMA CGM | F10: =VLOOKUP(B10,Data_Input!$A$2:$F$6,6,FALSE) -> 30 | G10: =SUM(Data_Input!D24:I24) -> 4480 | H10: 0 | I10: =G10*H10 -> 0
A11: =Data_Input!A25 -> RC10 | B11: =Data_Input!B25 -> R4 | C11: =Data_Input!C25 -> C1 | D11: =VLOOKUP(B11,Data_Input!$A$2:$F$6,2,FALSE) -> Shanghai - Mombasa | E11: =VLOOKUP(C11,Data_Input!$A$10:$C$12,2,FALSE) -> MAERSK | F11: =VLOOKUP(B11,Data_Input!$A$2:$F$6,6,FALSE) -> 35 | G11: =SUM(Data_Input!D25:I25) -> 4668 | H11: 0 | I11: =G11*H11 -> 0
A12: =Data_Input!A26 -> RC11 | B12: =Data_Input!B26 -> R4 | C12: =Data_Input!C26 -> C2 | D12: =VLOOKUP(B12,Data_Input!$A$2:$F$6,2,FALSE) -> Shanghai - Mombasa | E12: =VLOOKUP(C12,Data_Input!$A$10:$C$12,2,FALSE) -> MSC | F12: =VLOOKUP(B12,Data_Input!$A$2:$F$6,6,FALSE) -> 35 | G12: =SUM(Data_Input!D26:I26) -> 4230 | H12: 0 | I12: =G12*H12 -> 0
A13: =Data_Input!A27 -> RC12 | B13: =Data_Input!B27 -> R4 | C13: =Data_Input!C27 -> C3 | D13: =VLOOKUP(B13,Data_Input!$A$2:$F$6,2,FALSE) -> Shanghai - Mombasa | E13: =VLOOKUP(C13,Data_Input!$A$10:$C$12,2,FALSE) -> CMA CGM | F13: =VLOOKUP(B13,Data_Input!$A$2:$F$6,6,FALSE) -> 35 | G13: =SUM(Data_Input!D27:I27) -> 4118 | H13: 300 | I13: =G13*H13 -> 1235400
... A16: =Data_Input!A30 -> RC15 | B16: =Data_Input!B30 -> R5 | C16: =Data_Input!C30 -> C3 | D16: =VLOOKUP(B16,Data_Input!$A$2:$F$6,2,FALSE) -> Shanghai - Lagos | E16: =VLOOKUP(C16,Data_Input!$A$10:$C$12,2,FALSE) -> CMA CGM | F16: =VLOOKUP(B16,Data_Input!$A$2:$F$6,6,FALSE) -> 37 | G16: =SUM(Data_Input!D30:I30) -> 4755 | H16: 0 | I16: =G16*H16 -> 0
A19: Total Containers | B19: =SUM(H2:H16) -> 300
A20: Total Cost | B20: =SUM(I2:I16) -> 1235400
A21: Check | B21: =IF(B19=300,"✅ OK","❌ Corriger l'allocation") -> ✅ OK
A22: Avg Transit Time | B22: =IF(B19=0,0,SUMPRODUCT(F2:F16,H2:H16)/B19) -> 35

Sheet Solver_v2
A1: SOLVER V2 — CONSTRAINED OPTIMIZATION
A2: Objective Cell (Minimize) | B2: Cost_Calculator_v2!B20
A3: Variable Cells | B3: Cost_Calculator_v2!H2:H16
A4: Solving Method | B4: Simplex PL
A6: CONSTRAINTS
A7: Total containers | B7: Cost_Calculator_v2!B19 = 300
A8: All allocations ≥ 0 | B8: Cost_Calculator_v2!H2:H16 ≥ 0
A9: Pointe-Noire minimum | B9: Cost_Calculator_v2!K2 ≥ 50
A10: Mombasa minimum | B10: Cost_Calculator_v2!K3 ≥ 50
A11: Lagos minimum | B11: Cost_Calculator_v2!K4 ≥ 50
A12: Maersk maximum | B12: Cost_Calculator_v2!K5 ≤ 150
A13: MSC maximum | B13: Cost_Calculator_v2!K6 ≤ 150
A14: CMA CGM maximum | B14: Cost_Calculator_v2!K7 ≤ 150
A17: RESULTS
A18: Total Containers Shipped | B18: 300
A19: Total Optimized Cost | B19: 1328800
A20: Avg Transit Time | B20: 35.83 days
A23: ALLOCATION
A24: RC3 — CMA CGM → Pointe-Noire (Hub) | B24: 50 containers
A25: RC11 — MSC → Mombasa (Hub) | B25: 150 containers
A26: RC12 — CMA CGM → Mombasa (Hub) | B26: 50 containers
A27: RC15 — CMA CGM → Lagos (Hub) | B27: 50 containers
A30: COMPARISON VS V1
A31: V1 Cost (unconstrained) | B31: 1235400
A32: V2 Cost (constrained) | B32: 1328800
A33: Cost Premium | B33: 93400
A34: Cost Premium % | B34: =(B32-B31)/B31 -> 0.075603044
A37: BUSINESS CONCLUSION
A38: V1 risk | B38: Single carrier, single destination — zero resilience
A39: V2 benefit | B39: 3 destinations covered, 2 carriers, risk distributed
A40: Recommendation | B40: V2 is the operationally sound choice

Sheet Cost_Calculator_v2
A1: Combination ID | B1: Route ID | C1: Carrier ID | D1: Route Description | E1: Carrier Name | F1: Transit Days | G1: Cost Per TEU | H1: Containers Allocated | I1: Total Cost | K1: Cheat Table
A2: =Data_Input!A16 -> RC1 | B2: =Data_Input!B16 -> R1 | C2: =Data_Input!C16 -> C1 | D2: =VLOOKUP(B2,Data_Input!$A$2:$F$6,2,FALSE) -> Shanghai - Pointe-Noire | E2: =VLOOKUP(C2,Data_Input!$A$10:$C$12,2,FALSE) -> MAERSK | F2: =VLOOKUP(B2,Data_Input!$A$2:$F$6,6,FALSE) -> 38 | G2: =SUM(Data_Input!D16:I16) -> 5688 | H2: 0 | I2: =G2*H2 -> 0 | K2: Pointe-Noire Total | L2: =H2+H3+H4+H5+H6+H7 -> 50
A3: =Data_Input!A17 -> RC2 | B3: =Data_Input!B17 -> R1 | C3: =Data_Input!C17 -> C2 | D3: =VLOOKUP(B3,Data_Input!$A$2:$F$6,2,FALSE) -> Shanghai - Pointe-Noire | E3: =VLOOKUP(C3,Data_Input!$A$10:$C$12,2,FALSE) -> MSC | F3: =VLOOKUP(B3,Data_Input!$A$2:$F$6,6,FALSE) -> 38 | G3: =SUM(Data_Input!D17:I17) -> 5150 | H3: 0 | I3: =G3*H3 -> 0 | K3: Mombasa Total | L3: =H8+H9+H10+H11+H12+H13 -> 200
A4: =Data_Input!A18 -> RC3 | B4: =Data_Input!B18 -> R1 | C4: =Data_Input!C18 -> C3 | D4: =VLOOKUP(B4,Data_Input!$A$2:$F$6,2,FALSE) -> Shanghai - Pointe-Noire | E4: =VLOOKUP(C4,Data_Input!$A$10:$C$12,2,FALSE) -> CMA CGM | F4: =VLOOKUP(B4,Data_Input!$A$2:$F$6,6,FALSE) -> 38 | G4: =SUM(Data_Input!D18:I18) -> 5013 | H4: 50 | I4: =G4*H4 -> 250650 | K4: Lagos Total | L4: =H14+H15+H16 -> 50
A5: =Data_Input!A19 -> RC4 | B5: =Data_Input!B19 -> R2 | C5: =Data_Input!C19 -> C1 | D5: =VLOOKUP(B5,Data_Input!$A$2:$F$6,2,FALSE) -> Shanghai - Pointe-Noire | E5: =VLOOKUP(C5,Data_Input!$A$10:$C$12,2,FALSE) -> MAERSK | F5: =VLOOKUP(B5,Data_Input!$A$2:$F$6,6,FALSE) -> 34 | G5: =SUM(Data_Input!D19:I19) -> 6113 | H5: 0 | I5: =G5*H5 -> 0 | K5: Maersk Total | L5: =H2+H5+H8+H11+H14 -> 0
A6: =Data_Input!A20 -> RC5 | B6: =Data_Input!B20 -> R2 | C6: =Data_Input!C20 -> C2 | D6: =VLOOKUP(B6,Data_Input!$A$2:$F$6,2,FALSE) -> Shanghai - Pointe-Noire | E6: =VLOOKUP(C6,Data_Input!$A$10:$C$12,2,FALSE) -> MSC | F6: =VLOOKUP(B6,Data_Input!$A$2:$F$6,6,FALSE) -> 34 | G6: =SUM(Data_Input!D20:I20) -> 5525 | H6: 0 | I6: =G6*H6 -> 0 | K6: MSC Total | L6: =H3+H6+H9+H12+H15 -> 150
A7: =Data_Input!A21 -> RC6 | B7: =Data_Input!B21 -> R2 | C7: =Data_Input!C21 -> C3 | D7: =VLOOKUP(B7,Data_Input!$A$2:$F$6,2,FALSE) -> Shanghai - Pointe-Noire | E7: =VLOOKUP(C7,Data_Input!$A$10:$C$12,2,FALSE) -> CMA CGM | F7: =VLOOKUP(B7,Data_Input!$A$2:$F$6,6,FALSE) -> 34 | G7: =SUM(Data_Input!D21:I21) -> 5375 | H7: 0 | I7: =G7*H7 -> 0 | K7: CMA CGM Total | L7: =H4+H7+H10+H13+H16 -> 150
A8: =Data_Input!A22 -> RC7 | B8: =Data_Input!B22 -> R3 | C8: =Data_Input!C22 -> C1 | D8: =VLOOKUP(B8,Data_Input!$A$2:$F$6,2,FALSE) -> Shanghai - Mombasa | E8: =VLOOKUP(C8,Data_Input!$A$10:$C$12,2,FALSE) -> MAERSK | F8: =VLOOKUP(B8,Data_Input!$A$2:$F$6,6,FALSE) -> 30 | G8: =SUM(Data_Input!D22:I22) -> 5080 | H8: 0 | I8: =G8*H8 -> 0
A9: =Data_Input!A23 -> RC8 | B9: =Data_Input!B23 -> R3 | C9: =Data_Input!C23 -> C2 | D9: =VLOOKUP(B9,Data_Input!$A$2:$F$6,2,FALSE) -> Shanghai - Mombasa | E9: =VLOOKUP(C9,Data_Input!$A$10:$C$12,2,FALSE) -> MSC | F9: =VLOOKUP(B9,Data_Input!$A$2:$F$6,6,FALSE) -> 30 | G9: =SUM(Data_Input!D23:I23) -> 4605 | H9: 0 | I9: =G9*H9 -> 0
A10: =Data_Input!A24 -> RC9 | B10: =Data_Input!B24 -> R3 | C10: =Data_Input!C24 -> C3 | D10: =VLOOKUP(B10,Data_Input!$A$2:$F$6,2,FALSE) -> Shanghai - Mombasa | E10: =VLOOKUP(C10,Data_Input!$A$10:$C$12,2,FALSE) -> CMA CGM | F10: =VLOOKUP(B10,Data_Input!$A$2:$F$6,6,FALSE) -> 30 | G10: =SUM(Data_Input!D24:I24) -> 4480 | H10: 0 | I10: =G10*H10 -> 0
A11: =Data_Input!A25 -> RC10 | B11: =Data_Input!B25 -> R4 | C11: =Data_Input!C25 -> C1 | D11: =VLOOKUP(B11,Data_Input!$A$2:$F$6,2,FALSE) -> Shanghai - Mombasa | E11: =VLOOKUP(C11,Data_Input!$A$10:$C$12,2,FALSE) -> MAERSK | F11: =VLOOKUP(B11,Data_Input!$A$2:$F$6,6,FALSE) -> 35 | G11: =SUM(Data_Input!D25:I25) -> 4668 | H11: 0 | I11: =G11*H11 -> 0
A12: =Data_Input!A26 -> RC11 | B12: =Data_Input!B26 -> R4 | C12: =Data_Input!C26 -> C2 | D12: =VLOOKUP(B12,Data_Input!$A$2:$F$6,2,FALSE) -> Shanghai - Mombasa | E12: =VLOOKUP(C12,Data_Input!$A$10:$C$12,2,FALSE) -> MSC | F12: =VLOOKUP(B12,Data_Input!$A$2:$F$6,6,FALSE) -> 35 | G12: =SUM(Data_Input!D26:I26) -> 4230 | H12: 150 | I12: =G12*H12 -> 634500
A13: =Data_Input!A27 -> RC12 | B13: =Data_Input!B27 -> R4 | C13: =Data_Input!C27 -> C3 | D13: =VLOOKUP(B13,Data_Input!$A$2:$F$6,2,FALSE) -> Shanghai - Mombasa | E13: =VLOOKUP(C13,Data_Input!$A$10:$C$12,2,FALSE) -> CMA CGM | F13: =VLOOKUP(B13,Data_Input!$A$2:$F$6,6,FALSE) -> 35 | G13: =SUM(Data_Input!D27:I27) -> 4118 | H13: 50 | I13: =G13*H13 -> 205900
A14: =Data_Input!A28 -> RC13 | B14: =Data_Input!B28 -> R5 | C14: =Data_Input!C28 -> C1 | D14: =VLOOKUP(B14,Data_Input!$A$2:$F$6,2,FALSE) -> Shanghai - Lagos | E14: =VLOOKUP(C14,Data_Input!$A$10:$C$12,2,FALSE) -> MAERSK | F14: =VLOOKUP(B14,Data_Input!$A$2:$F$6,6,FALSE) -> 37 | G14: =SUM(Data_Input!D28:I28) -> 5393 | H14: 0 | I14: =G14*H14 -> 0
A15: =Data_Input!A29 -> RC14 | B15: =Data_Input!B29 -> R5 | C15: =Data_Input!C29 -> C2 | D15: =VLOOKUP(B15,Data_Input!$A$2:$F$6,2,FALSE) -> Shanghai - Lagos | E15: =VLOOKUP(C15,Data_Input!$A$10:$C$12,2,FALSE) -> MSC | F15: =VLOOKUP(B15,Data_Input!$A$2:$F$6,6,FALSE) -> 37 | G15: =SUM(Data_Input!D29:I29) -> 4880 | H15: 0 | I15: =G15*H15 -> 0
A16: =Data_Input!A30 -> RC15 | B16: =Data_Input!B30 -> R5 | C16: =Data_Input!C30 -> C3 | D16: =VLOOKUP(B16,Data_Input!$A$2:$F$6,2,FALSE) -> Shanghai - Lagos | E16: =VLOOKUP(C16,Data_Input!$A$10:$C$12,2,FALSE) -> CMA CGM | F16: =VLOOKUP(B16,Data_Input!$A$2:$F$6,6,FALSE) -> 37 | G16: =SUM(Data_Input!D30:I30) -> 4755 | H16: 50 | I16: =G16*H16 -> 237750
A19: Total Containers | B19: =SUM(H2:H16) -> 300
A20: Total Cost | B20: =SUM(I2:I16) -> 1328800
A21: Check | B21: =IF(B19=300,"✅ OK","❌ Corriger l'allocation") -> ✅ OK
A22: Avg Transit Time | B22: =IF(B19=0,0,SUMPRODUCT(F2:F16,H2:H16)/B19) -> 35.833333

Sheet Dashboard
A1: Freight Cost Optimization — Shanghai to Africa Medical Supply Company | 300 TEUs | Q3 2026
B5: TOTAL COST =$1,328,800 | F5: CONTAINERS SHIPPED 300 TEUs | J5: AVG TRANSIT TIME 35.8 days
C40: 📄 See "Insights" tab for full analysis & recommendations

Sheet Charts_Data
A1: Combination | B1: Cost Per TEU
A2: RC1-Maersk-PNR(Hub) | B2: 5688
A3: RC2-MSC-PNR(Hub) | B3: 5150
A4: RC3-CMACGM-PNR(Hub) | B4: 5013
A5: RC4-Maersk-PNR(Direct) | B5: 6113
A6: RC5-MSC-PNR(Direct) | B6: 5525
A7: RC6-CMACGM-PNR(Direct) | B7: 5375
A8: RC7-Maersk-MBS(Direct) | B8: 5080
A9: RC8-MSC-MBS(Direct) | B9: 4605
A10: RC9-CMACGM-MBS(Direct) | B10: 4480
A11: RC10-Maersk-MBS(Hub) | B11: 4668
A12: RC11-MSC-MBS(Hub) | B12: 4230
A13: RC12-CMACGM-MBS(Hub) | B13: 4118
... A16: RC15-CMACGM-Lagos(Hub) | B16: 4755
A18: Destination | B18: Containers
A19: Pointe-Noire | B19: 50
A20: Mombasa | B20: 200
A21: Lagos | B21: 50
A24: Version | B24: Total Cost
A25: V1 Unconstrained | B25: 1235400
A26: V2 Constrained | B26: 1328800

Sheet Insights
A1: FREIGHT COST OPTIMIZATION - ANALYTICAL INSIGHTS REPORT
A2: Medical Supply Company | Shanghai to Africa | 300 TEUs | Q3 2026
A5: MARKET CONTEXT — Q3 2026
A6: This model was built and validated during one of the most disruptive periods in modern shipping history.
A7: The US-Israel-Iran conflict (February 28 – June 17, 2026) closed the Strait of Hormuz — a chokepoint handling 25% of world seaborne oil — forcing all major carriers including Maersk, MSC and CMA CGM to reroute via Cape of Good Hope, adding 10-20 days to transit times and triggering emergency surcharges of $2,000-$4,000 per TEU industry-wide.
A8: Simultaneously, African destination ports faced severe congestion: Mombasa averaged 5.33 days vessel waiting time, Abidjan 8.56 days, and Tema 5.83 days as of late June 2026.
A9: This context is critical: the model's base rates reflect post-conflict normalization benchmarks. During peak disruption, total costs would have been 40-60% higher across all carriers.
A10: Understanding this volatility is as important as the optimization itself.
A12: METHODOLOGY
A13: This model evaluates 15 route/carrier combinations (5 routes × 3 carriers) across 3 African destinations: Pointe-Noire (Congo), Mombasa (Kenya), and Lagos (Nigeria).
A14: Total cost per TEU incorporates 6 components: inland transport, origin port handling, ocean freight (base rate), surcharges (BAF/PSS at 25% of ocean freight), destination port handling, and last-mile delivery.
A15: Base ocean freight rates were benchmarked against 2026 market data from Dantful and Sino-Shipping for FCL 40ft China-Africa shipments, validated against publicly available carrier rate estimators.
... A80: This roadmap positions the model as a living analytical tool, not a one-time exercise.

Sheet Sources
A1: Ocean freight rates based on 2026 market benchmarks for China–Africa FCL 40ft shipments (Dantful, Sino-Shipping logistics data).
A2: Surcharges estimated at 25% of base ocean freight, consistent with industry BAF/PSS conventions.
A3: Inland, handling, and last-mile costs are planning-level estimates assuming near-port distribution.
A4: Port congestion data: Kuehne+Nagel port operational updates (June 24-30, 2026)
A5: Carrier schedule reliability: Sea-Intelligence, Tradlinx Q3 2025 carrier scorecard
A6: Geopolitical context: Xeneta, S&P Global (2026 Strait of Hormuz crisis)
A7: CMA CGM Africa investment: Kuehne+Nagel trade intelligence reports 2026
A8: Maersk terminal network: APM Terminals public portfolio data
